internacao,MP10,O3,TEMP,UR,DS_CID,outono,inverno,primavera,verao,MENOR_1_ANO,ENTRE_1_4_ANOS,ENTRE_5_9_ANOS,ENTRE_10_14_ANOS,ENTRE_15_18_ANOS,TP_SEXO
0,28.62009825168149,31.930049047856212,21.83309871700592,80.27641939953551,AMIGDALITE AGUDA NAO ESPECIFICADA,0,0,0,1,0,0,0,0,1,F
0,22.559983604883723,28.45928947041527,21.524706830715,81.93846022893047,ASMA NAO ESPECIFICADA,0,0,0,1,0,1,0,0,0,M
0,23.173988726983367,29.115720802406884,20.77132318818639,87.76869439281234,BRONQUIOLITE AGUDA,0,0,0,1,1,0,0,0,0,M
1,29.53898295269642,30.253299505517088,21.908878240225793,79.16141241177972,BRONQUIOLITE AGUDA DEVIDA A VIRUS SINCICIAL RESPIRATORIO,0,0,0,1,1,0,0,0,0,F
0,33.311233769829435,26.157899204590667,21.339679731583153,81.96087945581263,BRONQUITE AGUDA NAO ESPECIFICADA,0,0,0,1,0,1,0,0,0,M
